{"cameraMode":{"drawMode":0,"name":"Shaded","section":"Shading Mode"},"sceneLighting":true,"audioPlay":false,"sceneViewState":{"m_AlwaysRefresh":false,"showFog":true,"showSkybox":true,"showFlares":true,"showImageEffects":true,"showParticleSystems":true,"showVisualEffectGraphs":true,"m_FxEnabled":true},"in2DMode":false,"pivot":{"x":-0.7295353412628174,"y":0.15052616596221925,"z":0.1517930030822754},"rotation":{"x":-0.039646197110414508,"y":0.8791050314903259,"z":-0.07429313659667969,"w":-0.46912890672683718},"size":1.8339812755584717,"orthographic":false}